age,sex,cp,trestbps,chol,fbs,restecg,thalach,exang,oldpeak,slope,ca,thal
63,True,1,145,233,True,2,150,False,2.3,3,0,fixed
67,True,4,160,286,False,2,108,True,1.5,2,3,normal
67,True,4,120,229,False,2,129,True,2.6,2,2,reversible
37,True,3,130,250,False,0,187,False,3.5,3,0,normal
41,False,2,130,204,False,2,172,False,1.4,1,0,normal
56,True,2,120,236,False,0,178,False,0.8,1,0,normal
62,False,4,140,268,False,2,160,False,3.6,3,2,normal
57,False,4,120,354,False,0,163,True,0.6,1,0,normal
63,True,4,130,254,False,2,147,False,1.4,2,1,reversible
53,True,4,140,203,True,2,155,True,3.1,3,0,reversible
57,True,4,140,192,False,0,148,False,0.4,2,0,fixed
56,False,2,140,294,False,2,153,False,1.3,2,0,normal
56,True,3,130,256,True,2,142,True,0.6,2,1,fixed
44,True,2,120,263,False,0,173,False,0.0,1,0,reversible
52,True,3,172,199,True,0,162,False,0.5,1,0,reversible
57,True,3,150,168,False,0,174,False,1.6,1,0,normal
48,True,2,110,229,False,0,168,False,1.0,3,0,reversible
54,True,4,140,239,False,0,160,False,1.2,1,0,normal
48,False,3,130,275,False,0,139,False,0.2,1,0,normal
49,True,2,130,266,False,0,171,False,0.6,1,0,normal
64,True,1,110,211,False,2,144,True,1.8,2,0,normal
58,False,1,150,283,True,2,162,False,1.0,1,0,normal
58,True,2,120,284,False,2,160,False,1.8,2,0,normal
58,True,3,132,224,False,2,173,False,3.2,1,2,reversible
60,True,4,130,206,False,2,132,True,2.4,2,2,reversible
50,False,3,120,219,False,0,158,False,1.6,2,0,normal
58,False,3,120,340,False,0,172,False,0.0,1,0,normal
66,False,1,150,226,False,0,114,False,2.6,3,0,normal
43,True,4,150,247,False,0,171,False,1.5,1,0,normal
40,True,4,110,167,False,2,114,True,2.0,2,0,reversible
69,False,1,140,239,False,0,151,False,1.8,1,2,normal
60,True,4,117,230,True,0,160,True,1.4,1,2,reversible
64,True,3,140,335,False,0,158,False,0.0,1,0,normal
59,True,4,135,234,False,0,161,False,0.5,2,0,reversible
44,True,3,130,233,False,0,179,True,0.4,1,0,normal
42,True,4,140,226,False,0,178,False,0.0,1,0,normal
43,True,4,120,177,False,2,120,True,2.5,2,0,reversible
57,True,4,150,276,False,2,112,True,0.6,2,1,fixed
55,True,4,132,353,False,0,132,True,1.2,2,1,reversible
61,True,3,150,243,True,0,137,True,1.0,2,0,normal
65,False,4,150,225,False,2,114,False,1.0,2,3,reversible
65,False,3,155,269,False,0,148,False,0.8,1,0,normal
67,True,4,125,254,True,0,163,False,0.2,2,2,reversible
62,True,4,120,267,False,0,99,True,1.8,2,2,reversible
65,True,4,110,248,False,2,158,False,0.6,1,2,fixed
44,True,4,110,197,False,2,177,False,0.0,1,1,normal
65,False,3,160,360,False,2,151,False,0.8,1,0,normal
60,True,4,125,258,False,2,141,True,2.8,2,1,reversible
51,False,3,140,308,False,2,142,False,1.5,1,1,normal
48,True,2,130,245,False,2,180,False,0.2,2,0,normal
58,True,4,150,270,False,2,111,True,0.8,1,0,reversible
45,True,4,104,208,False,2,148,True,3.0,2,0,normal
53,False,4,130,264,False,2,143,False,0.4,2,0,normal
39,True,3,140,321,False,2,182,False,0.0,1,0,normal
68,True,3,180,274,True,2,150,True,1.6,2,0,reversible
52,True,2,120,325,False,0,172,False,0.2,1,0,normal
44,True,3,140,235,False,2,180,False,0.0,1,0,normal
47,True,3,138,257,False,2,156,False,0.0,1,0,normal
53,False,4,138,234,False,2,160,False,0.0,1,0,normal
51,False,3,130,256,False,2,149,False,0.5,1,0,normal
66,True,4,120,302,False,2,151,False,0.4,2,0,normal
62,False,4,160,164,False,2,145,False,6.2,3,3,reversible
62,True,3,130,231,False,0,146,False,1.8,2,3,reversible
44,False,3,108,141,False,0,175,False,0.6,2,0,normal
63,False,3,135,252,False,2,172,False,0.0,1,0,normal
52,True,4,128,255,False,0,161,True,0.0,1,1,reversible
62,False,3,130,263,False,0,97,False,1.2,2,1,reversible
41,True,2,135,203,False,0,132,False,0.0,2,0,fixed
58,True,3,140,211,True,2,165,False,0.0,1,0,normal
35,False,4,138,183,False,0,182,False,1.4,1,0,normal
63,True,4,130,330,True,2,132,True,1.8,1,3,reversible
51,True,3,100,222,False,0,143,True,1.2,2,0,normal
55,True,4,140,217,False,0,111,True,5.6,3,0,reversible
65,True,1,138,282,True,2,174,False,1.4,2,1,normal
45,False,2,130,234,False,2,175,False,0.6,2,0,normal
56,False,4,200,288,True,2,133,True,4.0,3,2,reversible
54,True,4,110,239,False,0,126,True,2.8,2,1,reversible
44,True,2,120,220,False,0,170,False,0.0,1,0,normal
62,False,4,124,209,False,0,163,False,0.0,1,0,normal
54,True,3,120,258,False,2,147,False,0.4,2,0,reversible
51,True,3,94,227,False,0,154,True,0.0,1,1,reversible
29,True,2,130,204,False,2,202,False,0.0,1,0,normal
51,True,4,140,261,False,2,186,True,0.0,1,0,normal
43,False,3,122,213,False,0,165,False,0.2,2,0,normal
55,False,2,135,250,False,2,161,False,1.4,2,0,normal
70,True,4,145,174,False,0,125,True,2.6,3,0,reversible
62,True,2,120,281,False,2,103,False,1.4,2,1,reversible
35,True,4,120,198,False,0,130,True,1.6,2,0,reversible
51,True,3,125,245,True,2,166,False,2.4,2,0,normal
59,True,2,140,221,False,0,164,True,0.0,1,0,normal
59,True,1,170,288,False,2,159,False,0.2,2,0,reversible
52,True,2,128,205,True,0,184,False,0.0,1,0,normal
64,True,3,125,309,False,0,131,True,1.8,2,0,reversible
58,True,3,105,240,False,2,154,True,0.6,2,0,reversible
47,True,3,108,243,False,0,152,False,0.0,1,0,normal
57,True,4,165,289,True,2,124,False,1.0,2,3,reversible
41,True,3,112,250,False,0,179,False,0.0,1,0,normal
45,True,2,128,308,False,2,170,False,0.0,1,0,normal
60,False,3,102,318,False,0,160,False,0.0,1,1,normal
52,True,1,152,298,True,0,178,False,1.2,2,0,reversible
42,False,4,102,265,False,2,122,False,0.6,2,0,normal
67,False,3,115,564,False,2,160,False,1.6,2,0,reversible
55,True,4,160,289,False,2,145,True,0.8,2,1,reversible
64,True,4,120,246,False,2,96,True,2.2,3,1,normal
70,True,4,130,322,False,2,109,False,2.4,2,3,normal
51,True,4,140,299,False,0,173,True,1.6,1,0,reversible
58,True,4,125,300,False,2,171,False,0.0,1,2,reversible
60,True,4,140,293,False,2,170,False,1.2,2,2,reversible
68,True,3,118,277,False,0,151,False,1.0,1,1,reversible
46,True,2,101,197,True,0,156,False,0.0,1,0,reversible
77,True,4,125,304,False,2,162,True,0.0,1,3,normal
54,False,3,110,214,False,0,158,False,1.6,2,0,normal
58,False,4,100,248,False,2,122,False,1.0,2,0,normal
48,True,3,124,255,True,0,175,False,0.0,1,2,normal
57,True,4,132,207,False,0,168,True,0.0,1,0,reversible
54,False,2,132,288,True,2,159,True,0.0,1,1,normal
35,True,4,126,282,False,2,156,True,0.0,1,0,reversible
45,False,2,112,160,False,0,138,False,0.0,2,0,normal
70,True,3,160,269,False,0,112,True,2.9,2,1,reversible
53,True,4,142,226,False,2,111,True,0.0,1,0,reversible
59,False,4,174,249,False,0,143,True,0.0,2,0,normal
62,False,4,140,394,False,2,157,False,1.2,2,0,normal
64,True,4,145,212,False,2,132,False,2.0,2,2,fixed
57,True,4,152,274,False,0,88,True,1.2,2,1,reversible
52,True,4,108,233,True,0,147,False,0.1,1,3,reversible
56,True,4,132,184,False,2,105,True,2.1,2,1,fixed
43,True,3,130,315,False,0,162,False,1.9,1,1,normal
53,True,3,130,246,True,2,173,False,0.0,1,3,normal
48,True,4,124,274,False,2,166,False,0.5,2,0,reversible
56,False,4,134,409,False,2,150,True,1.9,2,2,reversible
42,True,1,148,244,False,2,178,False,0.8,1,2,normal
59,True,1,178,270,False,2,145,False,4.2,3,0,reversible
60,False,4,158,305,False,2,161,False,0.0,1,0,normal
63,False,2,140,195,False,0,179,False,0.0,1,2,normal
42,True,3,120,240,True,0,194,False,0.8,3,0,reversible
66,True,2,160,246,False,0,120,True,0.0,2,3,fixed
54,True,2,192,283,False,2,195,False,0.0,1,1,reversible
69,True,3,140,254,False,2,146,False,2.0,2,3,reversible
50,True,3,129,196,False,0,163,False,0.0,1,0,normal
51,True,4,140,298,False,0,122,True,4.2,2,3,reversible
62,False,4,138,294,True,0,106,False,1.9,2,3,normal
68,False,3,120,211,False,2,115,False,1.5,2,0,normal
67,True,4,100,299,False,2,125,True,0.9,2,2,normal
69,True,1,160,234,True,2,131,False,0.1,2,1,normal
45,False,4,138,236,False,2,152,True,0.2,2,0,normal
50,False,2,120,244,False,0,162,False,1.1,1,0,normal
59,True,1,160,273,False,2,125,False,0.0,1,0,normal
50,False,4,110,254,False,2,159,False,0.0,1,0,normal
64,False,4,180,325,False,0,154,True,0.0,1,0,normal
57,True,3,150,126,True,0,173,False,0.2,1,1,reversible
64,False,3,140,313,False,0,133,False,0.2,1,0,reversible
43,True,4,110,211,False,0,161,False,0.0,1,0,reversible
45,True,4,142,309,False,2,147,True,0.0,2,3,reversible
58,True,4,128,259,False,2,130,True,3.0,2,2,reversible
50,True,4,144,200,False,2,126,True,0.9,2,0,reversible
55,True,2,130,262,False,0,155,False,0.0,1,0,normal
62,False,4,150,244,False,0,154,True,1.4,2,0,normal
37,False,3,120,215,False,0,170,False,0.0,1,0,normal
38,True,1,120,231,False,0,182,True,3.8,2,0,reversible
41,True,3,130,214,False,2,168,False,2.0,2,0,normal
66,False,4,178,228,True,0,165,True,1.0,2,2,reversible
52,True,4,112,230,False,0,160,False,0.0,1,1,normal
56,True,1,120,193,False,2,162,False,1.9,2,0,reversible
46,False,2,105,204,False,0,172,False,0.0,1,0,normal
46,False,4,138,243,False,2,152,True,0.0,2,0,normal
64,False,4,130,303,False,0,122,False,2.0,2,2,normal
59,True,4,138,271,False,2,182,False,0.0,1,0,normal
41,False,3,112,268,False,2,172,True,0.0,1,0,normal
54,False,3,108,267,False,2,167,False,0.0,1,0,normal
39,False,3,94,199,False,0,179,False,0.0,1,0,normal
53,True,4,123,282,False,0,95,True,2.0,2,2,reversible
63,False,4,108,269,False,0,169,True,1.8,2,2,normal
34,False,2,118,210,False,0,192,False,0.7,1,0,normal
47,True,4,112,204,False,0,143,False,0.1,1,0,normal
67,False,3,152,277,False,0,172,False,0.0,1,1,normal
54,True,4,110,206,False,2,108,True,0.0,2,1,normal
66,True,4,112,212,False,2,132,True,0.1,1,1,normal
52,False,3,136,196,False,2,169,False,0.1,2,0,normal
55,False,4,180,327,False,1,117,True,3.4,2,0,normal
49,True,3,118,149,False,2,126,False,0.8,1,3,normal
74,False,2,120,269,False,2,121,True,0.2,1,1,normal
54,False,3,160,201,False,0,163,False,0.0,1,1,normal
54,True,4,122,286,False,2,116,True,3.2,2,2,normal
56,True,4,130,283,True,2,103,True,1.6,3,0,reversible
46,True,4,120,249,False,2,144,False,0.8,1,0,reversible
49,False,2,134,271,False,0,162,False,0.0,2,0,normal
42,True,2,120,295,False,0,162,False,0.0,1,0,normal
41,True,2,110,235,False,0,153,False,0.0,1,0,normal
41,False,2,126,306,False,0,163,False,0.0,1,0,normal
49,False,4,130,269,False,0,163,False,0.0,1,0,normal
61,True,1,134,234,False,0,145,False,2.6,2,2,normal
60,False,3,120,178,True,0,96,False,0.0,1,0,normal
67,True,4,120,237,False,0,71,False,1.0,2,0,normal
58,True,4,100,234,False,0,156,False,0.1,1,1,reversible
47,True,4,110,275,False,2,118,True,1.0,2,1,normal
52,True,4,125,212,False,0,168,False,1.0,1,2,reversible
62,True,2,128,208,True,2,140,False,0.0,1,0,normal
57,True,4,110,201,False,0,126,True,1.5,2,0,fixed
58,True,4,146,218,False,0,105,False,2.0,2,1,reversible
64,True,4,128,263,False,0,105,True,0.2,2,1,reversible
51,False,3,120,295,False,2,157,False,0.6,1,0,normal
43,True,4,115,303,False,0,181,False,1.2,2,0,normal
42,False,3,120,209,False,0,173,False,0.0,2,0,normal
67,False,4,106,223,False,0,142,False,0.3,1,2,normal
76,False,3,140,197,False,1,116,False,1.1,2,0,normal
70,True,2,156,245,False,2,143,False,0.0,1,0,normal
57,True,2,124,261,False,0,141,False,0.3,1,0,reversible
44,False,3,118,242,False,0,149,False,0.3,2,1,normal
58,False,2,136,319,True,2,152,False,0.0,1,2,normal
60,False,1,150,240,False,0,171,False,0.9,1,0,normal
44,True,3,120,226,False,0,169,False,0.0,1,0,normal
61,True,4,138,166,False,2,125,True,3.6,2,1,normal
42,True,4,136,315,False,0,125,True,1.8,2,0,fixed
59,True,3,126,218,True,0,134,False,2.2,2,1,fixed
40,True,4,152,223,False,0,181,False,0.0,1,0,reversible
42,True,3,130,180,False,0,150,False,0.0,1,0,normal
61,True,4,140,207,False,2,138,True,1.9,1,1,reversible
66,True,4,160,228,False,2,138,False,2.3,1,0,fixed
46,True,4,140,311,False,0,120,True,1.8,2,2,reversible
71,False,4,112,149,False,0,125,False,1.6,2,0,normal
59,True,1,134,204,False,0,162,False,0.8,1,2,normal
64,True,1,170,227,False,2,155,False,0.6,2,0,reversible
66,False,3,146,278,False,2,152,False,0.0,2,1,normal
39,False,3,138,220,False,0,152,False,0.0,2,0,normal
57,True,2,154,232,False,2,164,False,0.0,1,1,normal
58,False,4,130,197,False,0,131,False,0.6,2,0,normal
57,True,4,110,335,False,0,143,True,3.0,2,1,reversible
47,True,3,130,253,False,0,179,False,0.0,1,0,normal
55,False,4,128,205,False,1,130,True,2.0,2,1,reversible
35,True,2,122,192,False,0,174,False,0.0,1,0,normal
61,True,4,148,203,False,0,161,False,0.0,1,1,reversible
58,True,4,114,318,False,1,140,False,4.4,3,3,fixed
58,False,4,170,225,True,2,146,True,2.8,2,2,fixed
56,True,2,130,221,False,2,163,False,0.0,1,0,reversible
56,True,2,120,240,False,0,169,False,0.0,3,0,normal
67,True,3,152,212,False,2,150,False,0.8,2,0,reversible
55,False,2,132,342,False,0,166,False,1.2,1,0,normal
44,True,4,120,169,False,0,144,True,2.8,3,0,fixed
63,True,4,140,187,False,2,144,True,4.0,1,2,reversible
63,False,4,124,197,False,0,136,True,0.0,2,0,normal
41,True,2,120,157,False,0,182,False,0.0,1,0,normal
59,True,4,164,176,True,2,90,False,1.0,2,2,fixed
57,False,4,140,241,False,0,123,True,0.2,2,0,reversible
45,True,1,110,264,False,0,132,False,1.2,2,0,reversible
68,True,4,144,193,True,0,141,False,3.4,2,2,reversible
57,True,4,130,131,False,0,115,True,1.2,2,1,reversible
57,False,2,130,236,False,2,174,False,0.0,2,1,normal
59,True,0,164,176,True,0,90,False,1.0,1,2,1
57,False,0,140,241,False,1,123,True,0.2,1,0,normal
45,True,3,110,264,False,1,132,False,1.2,1,0,normal
68,True,0,144,193,True,1,141,False,3.4,1,2,normal
57,True,0,130,131,False,1,115,True,1.2,1,1,normal
57,False,1,130,236,False,0,174,False,0.0,1,1,2
40,True,1,140,199,False,0,178,True,1.4,1,0,reversible
71,False,2,160,302,False,0,162,False,0.4,1,2,normal
59,True,3,150,212,True,0,157,False,1.6,1,0,normal
61,False,4,130,330,False,2,169,False,0.0,1,0,normal
58,True,3,112,230,False,2,165,False,2.5,2,1,reversible
51,True,3,110,175,False,0,123,False,0.6,1,0,normal
50,True,4,150,243,False,2,128,False,2.6,2,0,reversible
65,False,3,140,417,True,2,157,False,0.8,1,1,normal
53,True,3,130,197,True,2,152,False,1.2,3,0,normal
41,False,2,105,198,False,0,168,False,0.0,1,1,normal
65,True,4,120,177,False,0,140,False,0.4,1,0,reversible
44,True,4,112,290,False,2,153,False,0.0,1,1,normal
44,True,2,130,219,False,2,188,False,0.0,1,0,normal
60,True,4,130,253,False,0,144,True,1.4,1,1,reversible
54,True,4,124,266,False,2,109,True,2.2,2,1,reversible
50,True,3,140,233,False,0,163,False,0.6,2,1,reversible
41,True,4,110,172,False,2,158,False,0.0,1,0,reversible
54,True,3,125,273,False,2,152,False,0.5,3,1,normal
51,True,1,125,213,False,2,125,True,1.4,1,1,normal
51,False,4,130,305,False,0,142,True,1.2,2,0,reversible
46,False,3,142,177,False,2,160,True,1.4,3,0,normal
58,True,4,128,216,False,2,131,True,2.2,2,3,reversible
54,False,3,135,304,True,0,170,False,0.0,1,0,normal
54,True,4,120,188,False,0,113,False,1.4,2,1,reversible
60,True,4,145,282,False,2,142,True,2.8,2,2,reversible
60,True,3,140,185,False,2,155,False,3.0,2,0,normal
54,True,3,150,232,False,2,165,False,1.6,1,0,reversible
59,True,4,170,326,False,2,140,True,3.4,3,0,reversible
46,True,3,150,231,False,0,147,False,3.6,2,0,normal
59,True,4,110,239,False,2,142,True,1.2,2,1,reversible
60,False,4,150,258,False,2,157,False,2.6,2,2,reversible
52,True,2,134,201,False,0,158,False,0.8,1,1,normal
48,True,4,122,222,False,2,186,False,0.0,1,0,normal
45,True,4,115,260,False,2,185,False,0.0,1,0,normal
34,True,1,118,182,False,2,174,False,0.0,1,0,normal
57,False,4,128,303,False,2,159,False,0.0,1,1,normal
71,False,3,110,265,True,2,130,False,0.0,1,1,normal
49,True,3,120,188,False,0,139,False,2.0,2,3,reversible
54,True,2,108,309,False,0,156,False,0.0,1,0,reversible
59,True,4,140,177,False,0,162,True,0.0,1,1,reversible
57,True,3,128,229,False,2,150,False,0.4,2,1,reversible
61,True,4,120,260,False,0,140,True,3.6,2,1,reversible
39,True,4,118,219,False,0,140,False,1.2,2,0,reversible
61,False,4,145,307,False,2,146,True,1.0,2,0,reversible
56,True,4,125,249,True,2,144,True,1.2,2,1,normal
52,True,1,118,186,False,2,190,False,0.0,2,0,fixed
43,False,4,132,341,True,2,136,True,3.0,2,0,reversible
65,True,4,135,254,False,2,127,False,2.8,2,1,reversible
48,True,4,130,256,True,2,150,True,0.0,1,2,reversible
63,False,4,150,407,False,2,154,False,4.0,2,3,reversible
